CCW,CCLNT,Weight (Kg),SpeciesName
114,164,423,Leatherback
116,154,896,Leatherback
103,144,291,Leatherback
105,146,322,Leatherback
111,160,330,Leatherback
121,161,479,Leatherback
110,165,340,Leatherback
116,157,429,Leatherback
111,150,372,Leatherback
107,156,341,Leatherback
106,146,301,Leatherback
118,163,442,Leatherback
118,163,442,Leatherback
114,157,375,Leatherback
114,157,375,Leatherback
115,162,419,Leatherback
113,158,367,Leatherback
116,161,316,Leatherback
117,155,371,Leatherback
116,162,414,Leatherback
117,159,375,Leatherback
112,160,347,Leatherback
110,152,372,Leatherback
119,151,426,Leatherback
107,146,259,Leatherback
117,158,413,Leatherback
114,148,376,Leatherback
108,152,337,Leatherback
110,150,315,Leatherback
105,146,318,Leatherback
106,149,329,Leatherback
120,162,411,Leatherback
113,151,325,Leatherback
113,148,311,Leatherback
113,148,311,Leatherback
108,144,296,Leatherback
108,144,296,Leatherback
106,149,315,Leatherback
106,149,315,Leatherback
114,157,422,Leatherback
114,157,422,Leatherback
107,144,323,Leatherback
107,144,323,Leatherback
117,160,407,Leatherback
117,160,407,Leatherback
114,158,354,Leatherback
113,153,312,Leatherback
113,153,312,Leatherback
116,163,422,Leatherback
112,157,307,Leatherback
119,153,401,Leatherback
106,148,348,Leatherback
101,149,295,Leatherback
113,153,355,Leatherback
106,146,249,Leatherback
109,146,306,Leatherback
99,148,320,Leatherback
120,164,410,Leatherback
111,161,322,Leatherback
107,147,290,Leatherback
116,161,353,Leatherback
120,169,406,Leatherback
121,153,370,Leatherback
121,153,370,Leatherback
107,149,306,Leatherback
108,153,280,Leatherback
112,156,317,Leatherback
112,156,317,Leatherback
28,31,3.8,Green
28,31,3.8,Green
47.7,49.4,15.3,Loggerhead
47.7,49.4,15.3,Loggerhead
27.7,31.3,3.3,Green
27.7,31.3,3.3,Green
55.5,55.9,22.4,Loggerhead
55.5,55.9,22.4,Loggerhead
67.6,71.5,43.8,Loggerhead
67.6,71.5,43.8,Loggerhead
67.6,71.5,43.8,Loggerhead
67.6,71.5,43.8,Loggerhead
61.5,63.5,29.8,Loggerhead
61.5,63.5,29.8,Loggerhead
51.8,55.9,20,Loggerhead
51.8,55.9,20,Loggerhead
49.5,50,15.6,Loggerhead
49.5,50,15.6,Loggerhead
71,74.3,49.4,Loggerhead
71,74.3,49.4,Loggerhead
71,74.3,49.4,Loggerhead
71,74.3,49.4,Loggerhead
70.7,0,48.2,Loggerhead
70.7,0,48.2,Loggerhead
70.7,0,48.2,Loggerhead
70.7,0,48.2,Loggerhead
24.2,28.9,2.8,Green
24.2,28.9,2.8,Green
26.8,30,3.4,Green
26.8,30,3.4,Green
61.7,60,28.6,Loggerhead
61.7,60,28.6,Loggerhead
61.7,60,28.6,Loggerhead
61.7,60,28.6,Loggerhead
29.6,33.5,4.4,Green
29.6,33.5,4.4,Green
71.7,74.4,49.6,Loggerhead
71.7,74.4,49.6,Loggerhead
71.7,74.4,49.6,Loggerhead
71.7,74.4,49.6,Loggerhead
67.3,63.8,31,Loggerhead
67.3,63.8,31,Loggerhead
66.8,68.7,27.2,Loggerhead
66.8,68.7,27.2,Loggerhead
54.3,56.6,23.4,Loggerhead
54.3,56.6,23.4,Loggerhead
48.5,51.2,15.8,Loggerhead
48.5,51.2,15.8,Loggerhead
43.2,45.8,11.6,Green
43.2,45.8,11.6,Green
56.6,58.4,25.4,Loggerhead
56.6,58.4,25.4,Loggerhead
25.1,29.1,2.8,Green
25.1,29.1,2.8,Green
54.6,55,22.2,Loggerhead
54.6,55,22.2,Loggerhead
58.7,62.8,28.2,Loggerhead
58.7,62.8,28.2,Loggerhead
35,34.9,5.8,Kemps_Ridley
35,34.9,5.8,Kemps_Ridley
55,55.5,22,Loggerhead
55,55.5,22,Loggerhead
62.8,63.3,29.2,Loggerhead
62.8,63.3,29.2,Loggerhead
54.5,53.7,19.4,Loggerhead
54.5,53.7,19.4,Loggerhead
54.5,53.7,19.4,Loggerhead
54.5,53.7,19.4,Loggerhead
54.5,53.7,19.4,Loggerhead
54.5,53.7,19.4,Loggerhead
54.5,53.7,19.4,Loggerhead
54.5,53.7,19.4,Loggerhead
67.8,68.1,41.4,Loggerhead
67.8,68.1,41.4,Loggerhead
67.8,68.1,41.4,Loggerhead
67.8,68.1,41.4,Loggerhead
74.4,75,55.8,Loggerhead
74.4,75,55.8,Loggerhead
74.4,75,55.8,Loggerhead
74.4,75,55.8,Loggerhead
62.8,69,40,Loggerhead
62.8,69,40,Loggerhead
58.4,60.5,27.6,Loggerhead
58.4,60.5,27.6,Loggerhead
56,58.3,22.6,Loggerhead
56,58.3,22.6,Loggerhead
61.8,65,33.6,Loggerhead
61.8,65,33.6,Loggerhead
59.5,61.6,28.2,Loggerhead
59.5,61.6,28.2,Loggerhead
67.3,70.9,46.6,Loggerhead
67.3,70.9,46.6,Loggerhead
52.5,55.7,19.4,Loggerhead
52.5,55.7,19.4,Loggerhead
51.2,51,16.6,Loggerhead
51.2,51,16.6,Loggerhead
30.1,32.3,3.8,Green
30.1,32.3,3.8,Green
24.8,27.2,2.2,Green
24.8,27.2,2.2,Green
55.5,59.5,25.5,Loggerhead
55.5,59.5,25.5,Loggerhead
62.3,63.5,31.4,Loggerhead
62.3,63.5,31.4,Loggerhead
62.3,63.5,31.4,Loggerhead
62.3,63.5,31.4,Loggerhead
62.3,63.5,31.4,Loggerhead
62.3,63.5,31.4,Loggerhead
55.8,58.2,23.4,Loggerhead
55.8,58.2,23.4,Loggerhead
57.7,61,28,Loggerhead
57.7,61,28,Loggerhead
57.7,61,28,Loggerhead
57.7,61,28,Loggerhead
58,60.4,24.4,Loggerhead
58,60.4,24.4,Loggerhead
64.3,66.2,35.4,Loggerhead
64.3,66.2,35.4,Loggerhead
59.4,61.1,28.2,Loggerhead
59.4,61.1,28.2,Loggerhead
31,37.2,5.2,Green
31,37.2,5.2,Green
64.5,64,36,Loggerhead
64.5,64,36,Loggerhead
29,32.8,4,Green
29,32.8,4,Green
29,32.8,4,Green
29,32.8,4,Green
29,32.8,4,Green
29,32.8,4,Green
29,32.8,4,Green
29,32.8,4,Green
72.6,71.7,49.8,Loggerhead
72.6,71.7,49.8,Loggerhead
61.4,63.6,31.8,Loggerhead
61.4,63.6,31.8,Loggerhead
26,27.9,2.8,Green
26,27.9,2.8,Green
64.1,66.2,34.6,Loggerhead
64.1,66.2,34.6,Loggerhead
58,60.5,30.2,Loggerhead
58,60.5,30.2,Loggerhead
63.1,65.6,34,Loggerhead
63.1,65.6,34,Loggerhead
61,62.1,30,Loggerhead
61,62.1,30,Loggerhead
67,67.3,37.8,Loggerhead
67,67.3,37.8,Loggerhead
56.5,59.4,25.2,Loggerhead
56.5,59.4,25.2,Loggerhead
55.5,58.1,21.8,Loggerhead
55.5,58.1,21.8,Loggerhead
57,60.7,25,Loggerhead
57,60.7,25,Loggerhead
57,60.7,25,Loggerhead
57,60.7,25,Loggerhead
59.1,61.8,27.2,Loggerhead
59.1,61.8,27.2,Loggerhead
57.3,60.8,28.4,Loggerhead
57.3,60.8,28.4,Loggerhead
61.5,61.7,28.4,Loggerhead
61.5,61.7,28.4,Loggerhead
54,58,22.2,Loggerhead
54,58,22.2,Loggerhead
58.2,60.3,27.8,Loggerhead
58.2,60.3,27.8,Loggerhead
72,76.5,49.6,Loggerhead
72,76.5,49.6,Loggerhead
56.8,56.7,24.8,Loggerhead
56.8,56.7,24.8,Loggerhead
67,69.7,41.4,Loggerhead
67,69.7,41.4,Loggerhead
64.6,67.3,35.4,Loggerhead
64.6,67.3,35.4,Loggerhead
55,55.5,22.6,Loggerhead
55,55.5,22.6,Loggerhead
63.5,64.6,30.2,Loggerhead
63.5,64.6,30.2,Loggerhead
30.5,32.6,4.2,Green
30.5,32.6,4.2,Green
30.5,32.6,4.2,Green
30.5,32.6,4.2,Green
54,55.8,23,Loggerhead
54,55.8,23,Loggerhead
22.5,25.5,2,Green
22.5,25.5,2,Green
56.2,59.7,24.4,Loggerhead
56.2,59.7,24.4,Loggerhead
68.8,70.5,42.4,Loggerhead
68.8,70.5,42.4,Loggerhead
66,69,38.6,Loggerhead
66,69,38.6,Loggerhead
54,54.5,20,Kemps_Ridley
54,54.5,20,Kemps_Ridley
62.3,65.2,31.6,Loggerhead
62.3,65.2,31.6,Loggerhead
63.3,66.7,36.6,Loggerhead
63.3,66.7,36.6,Loggerhead
55.2,56.5,21.4,Loggerhead
55.2,56.5,21.4,Loggerhead
62.8,63.8,36,Loggerhead
62.8,63.8,36,Loggerhead
63.1,66.4,33.2,Loggerhead
63.1,66.4,33.2,Loggerhead
59.2,59.8,27.2,Loggerhead
59.2,59.8,27.2,Loggerhead
63.6,67.9,31.8,Loggerhead
63.6,67.9,31.8,Loggerhead
65.7,68.7,40.4,Loggerhead
65.7,68.7,40.4,Loggerhead
55,57.3,20,Loggerhead
55,57.3,20,Loggerhead
67,69.4,41,Loggerhead
67,69.4,41,Loggerhead
51,53.5,17,Loggerhead
54.7,55.8,24.4,Loggerhead
54.7,55.8,24.4,Loggerhead
33.8,34.9,5.4,Green
33.8,34.9,5.4,Green
31.4,34.2,4.4,Green
51.5,54.2,16,Loggerhead
51.5,54.2,16,Loggerhead
63.7,65.7,35.4,Loggerhead
63.7,65.7,35.4,Loggerhead
62.9,64.4,33.8,Loggerhead
62.9,64.4,33.8,Loggerhead
64,67.3,34.2,Loggerhead
64,67.3,34.2,Loggerhead
60.5,60,25.2,Loggerhead
60.5,60,25.2,Loggerhead
64.9,69.3,35,Loggerhead
64.9,69.3,35,Loggerhead
64.9,69.3,35,Loggerhead
64.9,69.3,35,Loggerhead
77.4,83,66.6,Loggerhead
77.4,83,66.6,Loggerhead
52.2,52.2,18.8,Loggerhead
52.2,52.2,18.8,Loggerhead
67.7,68.8,38,Loggerhead
67.7,68.8,38,Loggerhead
54.2,55.5,21.2,Loggerhead
54.2,55.5,21.2,Loggerhead
63.7,61.2,28.6,Loggerhead
63.7,61.2,28.6,Loggerhead
89.3,92.1,94.6,Loggerhead
89.3,92.1,94.6,Loggerhead
56.4,56.5,22.6,Loggerhead
56.4,56.5,22.6,Loggerhead
62,61,28.6,Loggerhead
62,61,28.6,Loggerhead
58.3,62.1,27.8,Loggerhead
58.3,62.1,27.8,Loggerhead
57.4,60.5,29.6,Loggerhead
57.4,60.5,29.6,Loggerhead
63.6,67.2,39.6,Loggerhead
63.6,67.2,39.6,Loggerhead
63.9,63,32.8,Loggerhead
63.9,63,32.8,Loggerhead
0,0,65.8,Loggerhead
0,0,65.8,Loggerhead
0,0,65.8,Loggerhead
0,0,65.8,Loggerhead
81.1,79.1,62.8,Loggerhead
81.1,79.1,62.8,Loggerhead
81.1,79.1,62.8,Loggerhead
81.1,79.1,62.8,Loggerhead
27,30.5,3.2,Green
27,30.5,3.2,Green
55.9,59,22,Loggerhead
55.9,59,22,Loggerhead
52.9,58.5,24,Loggerhead
52.9,58.5,24,Loggerhead
59.7,63.5,29.8,Loggerhead
59.7,63.5,29.8,Loggerhead
52.5,54,17.6,Loggerhead
52.5,54,17.6,Loggerhead
59.1,61.8,27.2,Loggerhead
59.1,61.8,27.2,Loggerhead
59.1,61.8,27.2,Loggerhead
59.1,61.8,27.2,Loggerhead
52.5,53.2,19.8,Loggerhead
52.5,53.2,19.8,Loggerhead
54.4,55.6,20,Loggerhead
54.4,55.6,20,Loggerhead
54.4,55.6,20,Loggerhead
54.4,55.6,20,Loggerhead
58.9,60.7,27,Loggerhead
58.9,60.7,27,Loggerhead
61.4,59.3,28.6,Loggerhead
61.4,59.3,28.6,Loggerhead
47,51.1,14.2,Loggerhead
47,51.1,14.2,Loggerhead
50.1,52,17.2,Loggerhead
50.1,52,17.2,Loggerhead
67.5,70.1,39.2,Loggerhead
67.5,70.1,39.2,Loggerhead
67.5,70.1,39.2,Loggerhead
67.5,70.1,39.2,Loggerhead
60.2,61.7,28.2,Loggerhead
60.2,61.7,28.2,Loggerhead
56.9,58,22.8,Loggerhead
56.9,58,22.8,Loggerhead
54.5,55.1,21.8,Loggerhead
54.5,55.1,21.8,Loggerhead
49.3,51.7,16.2,Loggerhead
49.3,51.7,16.2,Loggerhead
52.6,56.5,20.6,Loggerhead
52.6,56.5,20.6,Loggerhead
52.6,56.5,20.6,Loggerhead
52.6,56.5,20.6,Loggerhead
58.7,52.4,25.8,Loggerhead
58.7,52.4,25.8,Loggerhead
60.3,62.5,29.8,Loggerhead
60.3,62.5,29.8,Loggerhead
63.7,66.3,38,Loggerhead
63.7,66.3,38,Loggerhead
63.7,66.3,38,Loggerhead
63.7,66.3,38,Loggerhead
54.8,58.6,23.2,Loggerhead
54.8,58.6,23.2,Loggerhead
49.4,52.1,16.4,Loggerhead
49.4,52.1,16.4,Loggerhead
58.2,58,26.2,Loggerhead
58.2,58,26.2,Loggerhead
48.2,51.5,16.2,Loggerhead
48.2,51.5,16.2,Loggerhead
61.8,62,31.8,Loggerhead
61.8,62,31.8,Loggerhead
64,65.8,38,Loggerhead
64,65.8,38,Loggerhead
64,65.8,38,Loggerhead
64,65.8,38,Loggerhead
53,55.1,20.4,Loggerhead
53,55.1,20.4,Loggerhead
61.8,58.5,25,Loggerhead
61.8,58.5,25,Loggerhead
69.4,69.8,41,Loggerhead
69.4,69.8,41,Loggerhead
34.5,37.4,5.8,Green
34.5,37.4,5.8,Green
58.2,59.9,26.4,Loggerhead
58.2,59.9,26.4,Loggerhead
51.5,49.9,15,Kemps_Ridley
51.5,49.9,15,Kemps_Ridley
56,69.4,37.2,Loggerhead
56,69.4,37.2,Loggerhead
68.5,68,40.8,Loggerhead
68.5,68,40.8,Loggerhead
53.8,56.5,19.6,Loggerhead
53.8,56.5,19.6,Loggerhead
62.1,64.6,30,Loggerhead
62.1,64.6,30,Loggerhead
65.5,65.7,34.2,Loggerhead
65.5,65.7,34.2,Loggerhead
53,56,22.4,Loggerhead
53,56,22.4,Loggerhead
53,56,22.4,Loggerhead
53,56,22.4,Loggerhead
47.5,49.5,12.6,Loggerhead
47.5,49.5,12.6,Loggerhead
59.5,62.2,28,Loggerhead
59.5,62.2,28,Loggerhead
56.8,61,27,Loggerhead
56.8,61,27,Loggerhead
61,60.3,28.8,Loggerhead
61,60.3,28.8,Loggerhead
62.5,65.9,34.2,Loggerhead
62.5,65.9,34.2,Loggerhead
55.7,55.7,22.2,Loggerhead
55.7,55.7,22.2,Loggerhead
47.5,50.1,15.6,Loggerhead
47.5,50.1,15.6,Loggerhead
55.4,58.5,22.2,Loggerhead
55.4,58.5,22.2,Loggerhead
66.1,69,37,Loggerhead
66.1,69,37,Loggerhead
66.1,69,37,Loggerhead
66.1,69,37,Loggerhead
66.1,69,37,Loggerhead
66.1,69,37,Loggerhead
66.1,69,37,Loggerhead
66.1,69,37,Loggerhead
60.5,62.4,32.6,Loggerhead
60.5,62.4,32.6,Loggerhead
65.1,67.2,39.6,Loggerhead
65.1,67.2,39.6,Loggerhead
65.1,67.2,39.6,Loggerhead
65.1,67.2,39.6,Loggerhead
49.3,47.2,12,Kemps_Ridley
49.3,47.2,12,Kemps_Ridley
63.2,64.6,30.6,Loggerhead
63.2,64.6,30.6,Loggerhead
56.7,62,28,Loggerhead
56.7,62,28,Loggerhead
55.7,60.1,25.8,Loggerhead
55.7,60.1,25.8,Loggerhead
63.4,68.3,41.2,Loggerhead
63.4,68.3,41.2,Loggerhead
63.4,68.3,41.2,Loggerhead
63.4,68.3,41.2,Loggerhead
43.2,47.5,10.4,Loggerhead
43.2,47.5,10.4,Loggerhead
65.3,71.3,37,Loggerhead
65.3,71.3,37,Loggerhead
65.3,71.3,37,Loggerhead
65.3,71.3,37,Loggerhead
62,61.2,30.4,Loggerhead
62,61.2,30.4,Loggerhead
66,66.2,35.8,Loggerhead
66,66.2,35.8,Loggerhead
63,62.5,32,Loggerhead
59.4,63,29.4,Loggerhead
59.4,63,29.4,Loggerhead
60.7,64.2,28.6,Loggerhead
60.7,64.2,28.6,Loggerhead
60.7,64.2,28.6,Loggerhead
60.7,64.2,28.6,Loggerhead
59,63.5,31,Loggerhead
59,63.5,31,Loggerhead
59,63.5,31,Loggerhead
59,63.5,31,Loggerhead
60.7,64.3,31.2,Loggerhead
60.7,64.3,31.2,Loggerhead
62,62.2,28.2,Loggerhead
62,62.2,28.2,Loggerhead
27,31.4,3.6,Green
27,31.4,3.6,Green
58.5,60.2,27,Loggerhead
58.5,60.2,27,Loggerhead
64.9,67.5,34.4,Loggerhead
64.9,67.5,34.4,Loggerhead
52.3,55.7,19.6,Loggerhead
52.3,55.7,19.6,Loggerhead
56.2,58.5,24.8,Loggerhead
56.2,58.5,24.8,Loggerhead
63.6,64.3,30.6,Loggerhead
63.6,64.3,30.6,Loggerhead
63.7,65.8,31.4,Loggerhead
63.7,65.8,31.4,Loggerhead
63.7,65.8,31.4,Loggerhead
63.7,65.8,31.4,Loggerhead
52.5,51.9,19.6,Loggerhead
52.5,51.9,19.6,Loggerhead
39,41.9,9.8,Green
39,41.9,9.8,Green
56,59.5,25.2,Loggerhead
56,59.5,25.2,Loggerhead
66.7,69.5,42.2,Loggerhead
66.7,69.5,42.2,Loggerhead
66.7,69.5,42.2,Loggerhead
66.7,69.5,42.2,Loggerhead
25.9,30.8,3.2,Green
70.4,71.3,48.8,Loggerhead
70.4,71.3,48.8,Loggerhead
70.4,71.3,48.8,Loggerhead
70.4,71.3,48.8,Loggerhead
59.3,62.5,31.6,Loggerhead
59.3,62.5,31.6,Loggerhead
54,59,24.2,Loggerhead
54,59,24.2,Loggerhead
55.1,59.4,26.6,Loggerhead
55.1,59.4,26.6,Loggerhead
55.1,59.4,26.6,Loggerhead
55.1,59.4,26.6,Loggerhead
59,61.2,31.6,Loggerhead
59,61.2,31.6,Loggerhead
61.5,62.4,29.4,Loggerhead
61.5,62.4,29.4,Loggerhead
61.5,62.4,29.4,Loggerhead
61.5,62.4,29.4,Loggerhead
61.5,62.4,29.4,Loggerhead
61.5,62.4,29.4,Loggerhead
61.5,62.4,29.4,Loggerhead
61.5,62.4,29.4,Loggerhead
61.5,63,33.4,Loggerhead
61.5,63,33.4,Loggerhead
61.5,63,33.4,Loggerhead
61.5,63,33.4,Loggerhead
63.1,66.8,35.2,Loggerhead
63.1,66.8,35.2,Loggerhead
59.3,65.3,30.4,Loggerhead
59.3,65.3,30.4,Loggerhead
59.7,58.2,30,Loggerhead
59.7,58.2,30,Loggerhead
58.5,60.2,27.4,Loggerhead
58.5,60.2,27.4,Loggerhead
48.7,53.8,16.4,Loggerhead
48.7,53.8,16.4,Loggerhead
26.7,31.7,3.8,Green
26.7,31.7,3.8,Green
49,51,16,Loggerhead
49,51,16,Loggerhead
23.8,28.4,2.6,Green
57.2,59.1,22.6,Loggerhead
57.2,59.1,22.6,Loggerhead
67.1,69.3,38,Loggerhead
67.1,69.3,38,Loggerhead
67.1,69.3,38,Loggerhead
67.1,69.3,38,Loggerhead
60.5,65.6,29.4,Loggerhead
60.5,65.6,29.4,Loggerhead
58.1,61.8,26.6,Loggerhead
58.1,61.8,26.6,Loggerhead
33.8,37,5.2,Green
33.8,37,5.2,Green
25.7,29,2.8,Green
25.7,29,2.8,Green
47.5,50.8,15.8,Loggerhead
47.5,50.8,15.8,Loggerhead
52.3,58.1,24,Loggerhead
52.3,58.1,24,Loggerhead
67.3,68.3,45.6,Loggerhead
67.3,68.3,45.6,Loggerhead
67.3,68.3,45.6,Loggerhead
67.3,68.3,45.6,Loggerhead
67.3,66.5,34.2,Loggerhead
67.3,66.5,34.2,Loggerhead
62.9,65.1,33.2,Loggerhead
62.9,65.1,33.2,Loggerhead
62.9,65.1,33.2,Loggerhead
62.9,65.1,33.2,Loggerhead
62.5,64.6,33.2,Loggerhead
62.5,64.6,33.2,Loggerhead
62.5,64.6,33.2,Loggerhead
62.5,64.6,33.2,Loggerhead
60.8,63.6,27,Loggerhead
60.8,63.6,27,Loggerhead
53.8,54.7,20.8,Loggerhead
53.8,54.7,20.8,Loggerhead
60.5,61,30,Loggerhead
60.5,61,30,Loggerhead
62.6,66,36.2,Loggerhead
62.6,66,36.2,Loggerhead
64.8,66.5,34,Loggerhead
64.8,66.5,34,Loggerhead
54.5,60.5,24.4,Loggerhead
54.5,60.5,24.4,Loggerhead
56.4,56.1,21,Loggerhead
56.4,56.1,21,Loggerhead
39.8,38.6,6.6,Kemps_Ridley
39.8,38.6,6.6,Kemps_Ridley
64.9,61.3,29.6,Loggerhead
64.9,61.3,29.6,Loggerhead
60.8,64.2,30.8,Loggerhead
60.8,64.2,30.8,Loggerhead
61.8,63.3,26.6,Loggerhead
61.8,63.3,26.6,Loggerhead
65.8,62.5,38.4,Loggerhead
65.8,62.5,38.4,Loggerhead
50.2,51.2,16.2,Loggerhead
50.2,51.2,16.2,Loggerhead
65,69.3,39,Loggerhead
65,69.3,39,Loggerhead
56.6,58.4,23.2,Loggerhead
56.6,58.4,23.2,Loggerhead
71.5,77.9,54.2,Loggerhead
71.5,77.9,54.2,Loggerhead
71.5,77.9,54.2,Loggerhead
71.5,77.9,54.2,Loggerhead
71.5,77.9,54.2,Loggerhead
71.5,77.9,54.2,Loggerhead
71.5,77.9,54.2,Loggerhead
71.5,77.9,54.2,Loggerhead
61.3,61.1,25,Loggerhead
61.3,61.1,25,Loggerhead
67,70.7,39.8,Loggerhead
67,70.7,39.8,Loggerhead
67,70.7,39.8,Loggerhead
67,70.7,39.8,Loggerhead
50.3,53.5,18.6,Loggerhead
50.3,53.5,18.6,Loggerhead
24.5,28.4,2.8,Green
24.5,28.4,2.8,Green
44.5,41.6,9.6,Kemps_Ridley
44.5,41.6,9.6,Kemps_Ridley
79.3,83,68.2,Loggerhead
79.3,83,68.2,Loggerhead
79.3,83,68.2,Loggerhead
79.3,83,68.2,Loggerhead
55.8,57.8,23.6,Loggerhead
55.8,57.8,23.6,Loggerhead
65.2,64,34.4,Loggerhead
65.2,64,34.4,Loggerhead
48.3,51.3,15.2,Loggerhead
48.3,51.3,15.2,Loggerhead
66.2,66.8,32.8,Loggerhead
66.2,66.8,32.8,Loggerhead
62.3,64.6,29.2,Loggerhead
62.3,64.6,29.2,Loggerhead
61.3,63.6,31,Loggerhead
61.3,63.6,31,Loggerhead
61.3,63.6,31,Loggerhead
61.3,63.6,31,Loggerhead
61.3,63.6,31,Loggerhead
61.3,63.6,31,Loggerhead
61.3,63.6,31,Loggerhead
61.3,63.6,31,Loggerhead
61.6,63.2,30,Loggerhead
61.6,63.2,30,Loggerhead
61.6,63.2,30,Loggerhead
61.6,63.2,30,Loggerhead
61.6,63.2,30,Loggerhead
61.6,63.2,30,Loggerhead
61.6,63.2,30,Loggerhead
61.6,63.2,30,Loggerhead
56.9,61.4,24.8,Loggerhead
56.9,61.4,24.8,Loggerhead
74.5,80,56.6,Loggerhead
74.5,80,56.6,Loggerhead
47.8,50.9,14.4,Loggerhead
47.8,50.9,14.4,Loggerhead
59.7,61.5,26.4,Loggerhead
59.7,61.5,26.4,Loggerhead
64.4,65.5,35.8,Loggerhead
64.4,65.5,35.8,Loggerhead
67.6,70.5,40,Loggerhead
67.6,70.5,40,Loggerhead
67.6,70.5,40,Loggerhead
67.6,70.5,40,Loggerhead
65.9,68,34.2,Loggerhead
65.9,68,34.2,Loggerhead
67.4,71.5,43.6,Loggerhead
67.4,71.5,43.6,Loggerhead
67.4,71.5,43.6,Loggerhead
67.4,71.5,43.6,Loggerhead
65.4,71.2,32.6,Loggerhead
65.4,71.2,32.6,Loggerhead
60.3,61.6,32.2,Loggerhead
60.3,61.6,32.2,Loggerhead
68.9,65.8,32.8,Loggerhead
68.9,65.8,32.8,Loggerhead
52.4,55.2,17.4,Loggerhead
52.4,55.2,17.4,Loggerhead
57.7,59.8,23,Loggerhead
57.7,59.8,23,Loggerhead
52.1,55.7,20,Loggerhead
52.1,55.7,20,Loggerhead
27.2,32.5,3.6,Green
55.8,56.5,23.2,Loggerhead
55.8,56.5,23.2,Loggerhead
45.2,47,11.6,Loggerhead
45.2,47,11.6,Loggerhead
69.5,69,42,Loggerhead
69.5,69,42,Loggerhead
53,54.3,19.2,Loggerhead
53,54.3,19.2,Loggerhead
53.9,56.2,22,Loggerhead
53.9,56.2,22,Loggerhead
53.9,56.2,22,Loggerhead
53.9,56.2,22,Loggerhead
53.9,56.2,22,Loggerhead
53.9,56.2,22,Loggerhead
53.9,56.2,22,Loggerhead
53.9,56.2,22,Loggerhead
56.4,59.8,24.6,Loggerhead
56.4,59.8,24.6,Loggerhead
56.5,58.3,24.6,Loggerhead
56.5,58.3,24.6,Loggerhead
62,65.2,31.8,Loggerhead
62,65.2,31.8,Loggerhead
73.2,78.7,52.6,Loggerhead
73.2,78.7,52.6,Loggerhead
73.2,78.7,52.6,Loggerhead
73.2,78.7,52.6,Loggerhead
60.1,62.1,27,Loggerhead
60.1,62.1,27,Loggerhead
65.1,63.8,30.4,Loggerhead
65.1,63.8,30.4,Loggerhead
68.2,69.4,38.8,Loggerhead
68.2,69.4,38.8,Loggerhead
68.2,69.4,38.8,Loggerhead
68.2,69.4,38.8,Loggerhead
67.4,69,38.4,Loggerhead
67.4,69,38.4,Loggerhead
67.4,69,38.4,Loggerhead
67.4,69,38.4,Loggerhead
57.6,58.2,25.6,Loggerhead
57.6,58.2,25.6,Loggerhead
74.1,76.3,49,Loggerhead
74.1,76.3,49,Loggerhead
60.9,64.7,32.6,Loggerhead
60.9,64.7,32.6,Loggerhead
54,55.5,18.4,Loggerhead
54,55.5,18.4,Loggerhead
53.6,55.6,18.8,Loggerhead
53.6,55.6,18.8,Loggerhead
53.6,55.6,18.8,Loggerhead
53.6,55.6,18.8,Loggerhead
62.7,64.1,29.2,Loggerhead
62.7,64.1,29.2,Loggerhead
39.1,38.2,6.6,Kemps_Ridley
39.1,38.2,6.6,Kemps_Ridley
53.8,56.4,22.8,Loggerhead
53.8,56.4,22.8,Loggerhead
65.7,70.7,42.2,Loggerhead
65.7,70.7,42.2,Loggerhead
60,65,29.2,Loggerhead
60,65,29.2,Loggerhead
48.5,49.7,14,Loggerhead
48.5,49.7,14,Loggerhead
67.4,71.7,40.8,Loggerhead
67.4,71.7,40.8,Loggerhead
29.5,34.1,4.4,Green
29.5,34.1,4.4,Green
74,79.5,59.6,Loggerhead
74,79.5,59.6,Loggerhead
65.7,59.8,32.4,Loggerhead
65.7,59.8,32.4,Loggerhead
65.7,59.8,32.4,Loggerhead
65.7,59.8,32.4,Loggerhead
69.3,62,38.8,Loggerhead
69.3,62,38.8,Loggerhead
69.3,62,38.8,Loggerhead
69.3,62,38.8,Loggerhead
67,68.6,38.6,Loggerhead
67,68.6,38.6,Loggerhead
66.9,64.5,34.6,Loggerhead
66.9,64.5,34.6,Loggerhead
70.4,70.7,42,Loggerhead
70.4,70.7,42,Loggerhead
46,46.7,13.2,Loggerhead
46,46.7,13.2,Loggerhead
75.1,80.2,59.8,Loggerhead
75.1,80.2,59.8,Loggerhead
75.1,80.2,59.8,Loggerhead
75.1,80.2,59.8,Loggerhead
42.2,41.9,8.2,Kemps_Ridley
42.2,41.9,8.2,Kemps_Ridley
42.2,41.9,8.2,Kemps_Ridley
42.2,41.9,8.2,Kemps_Ridley
63.3,65.9,32.4,Loggerhead
63.3,65.9,32.4,Loggerhead
60.8,61.9,26.8,Loggerhead
60.8,61.9,26.8,Loggerhead
56.8,56.3,21.8,Loggerhead
56.8,56.3,21.8,Loggerhead
64.6,68.4,37.8,Loggerhead
64.6,68.4,37.8,Loggerhead
64.6,68.4,37.8,Loggerhead
64.6,68.4,37.8,Loggerhead
65.9,70.6,45.3,Loggerhead
65.9,70.6,45.3,Loggerhead
65.9,70.6,45.3,Loggerhead
65.9,70.6,45.3,Loggerhead
67.6,70.3,41.2,Loggerhead
67.6,70.3,41.2,Loggerhead
67.6,70.3,41.2,Loggerhead
67.6,70.3,41.2,Loggerhead
50.2,53.5,17.8,Loggerhead
50.2,53.5,17.8,Loggerhead
56.5,57.4,25,Loggerhead
56.5,57.4,25,Loggerhead
59.3,61.4,25.2,Loggerhead
59.3,61.4,25.2,Loggerhead
70.8,71,39.2,Loggerhead
70.8,71,39.2,Loggerhead
61.9,60.4,29,Loggerhead
61.9,60.4,29,Loggerhead
58,61.4,23.2,Loggerhead
58,61.4,23.2,Loggerhead
56,60.6,24,Loggerhead
56,60.6,24,Loggerhead
63.6,65.8,36.6,Loggerhead
63.6,65.8,36.6,Loggerhead
62.6,67.3,38,Loggerhead
62.6,67.3,38,Loggerhead
68.3,69.5,35.8,Loggerhead
68.3,69.5,35.8,Loggerhead
68.3,69.5,35.8,Loggerhead
68.3,69.5,35.8,Loggerhead
68.3,69.5,35.8,Loggerhead
68.3,69.5,35.8,Loggerhead
68.6,70,38.6,Loggerhead
68.6,70,38.6,Loggerhead
61.2,64.8,30.8,Loggerhead
61.2,64.8,30.8,Loggerhead
65.4,69.8,39.4,Loggerhead
65.4,69.8,39.4,Loggerhead
64.3,65,32.4,Loggerhead
64.3,65,32.4,Loggerhead
65.4,68.7,33.2,Loggerhead
65.4,68.7,33.2,Loggerhead
43.7,42.1,9.3,Kemps_Ridley
43.7,42.1,9.3,Kemps_Ridley
43.7,42.1,9.3,Kemps_Ridley
43.7,42.1,9.3,Kemps_Ridley
61.2,63.9,32.4,Loggerhead
61.2,63.9,32.4,Loggerhead
50.6,56.4,20.4,Loggerhead
50.6,56.4,20.4,Loggerhead
50.6,56.4,20.4,Loggerhead
50.6,56.4,20.4,Loggerhead
50.6,56.4,20.4,Loggerhead
50.6,56.4,20.4,Loggerhead
50.6,56.4,20.4,Loggerhead
50.6,56.4,20.4,Loggerhead
58.1,57.3,22.2,Loggerhead
58.1,57.3,22.2,Loggerhead
67.2,69.1,38.4,Loggerhead
67.2,69.1,38.4,Loggerhead
67.2,69.1,38.4,Loggerhead
67.2,69.1,38.4,Loggerhead
62,61.3,32.4,Loggerhead
62,61.3,32.4,Loggerhead
75.6,71.4,49.6,Loggerhead
75.6,71.4,49.6,Loggerhead
46.5,49.1,13.8,Loggerhead
46.5,49.1,13.8,Loggerhead
62.5,67.3,33.8,Loggerhead
62.5,67.3,33.8,Loggerhead
55,58.3,23.8,Loggerhead
55,58.3,23.8,Loggerhead
60,62.7,26,Loggerhead
60,62.7,26,Loggerhead
56.5,55.9,21.2,Loggerhead
56.5,55.9,21.2,Loggerhead
63.3,64,33.8,Loggerhead
54.3,58.2,20.2,Loggerhead
54.3,58.2,20.2,Loggerhead
45.9,49.3,13.6,Loggerhead
45.9,49.3,13.6,Loggerhead
67.1,67,34.6,Loggerhead
67.1,67,34.6,Loggerhead
28.1,32.5,4.2,Green
28.1,32.5,4.2,Green
60.8,62.8,30.2,Loggerhead
60.8,62.8,30.2,Loggerhead
60.8,62.8,30.2,Loggerhead
60.8,62.8,30.2,Loggerhead
59.2,58.7,21.4,Loggerhead
59.2,58.7,21.4,Loggerhead
85.9,92.8,100.4,Loggerhead
85.9,92.8,100.4,Loggerhead
85.9,92.8,100.4,Loggerhead
85.9,92.8,100.4,Loggerhead
63.3,65.4,32.2,Loggerhead
63.3,65.4,32.2,Loggerhead
42.6,41.7,8.6,Kemps_Ridley
42.6,41.7,8.6,Kemps_Ridley
49,54.1,18.2,Loggerhead
49,54.1,18.2,Loggerhead
63.4,66.3,32.4,Loggerhead
63.4,66.3,32.4,Loggerhead
49.7,53,16,Loggerhead
49.7,53,16,Loggerhead
56.2,57.9,23.8,Loggerhead
56.2,57.9,23.8,Loggerhead
65,66.6,31,Loggerhead
65,66.6,31,Loggerhead
50.4,45.7,13.8,Kemps_Ridley
50.4,45.7,13.8,Kemps_Ridley
50,53.3,16.4,Loggerhead
50,53.3,16.4,Loggerhead
64.4,68.1,33,Loggerhead
64.4,68.1,33,Loggerhead
63.8,65.9,31.2,Loggerhead
63.8,65.9,31.2,Loggerhead
31.1,34.2,4.4,Green
29.9,32.7,4.4,Green
52,48,14.4,Loggerhead
52,48,14.4,Loggerhead
62.3,65.6,31.4,Loggerhead
62.3,65.6,31.4,Loggerhead
66.3,66.3,33.8,Loggerhead
66.3,66.3,33.8,Loggerhead
62.3,61.7,28.5,Loggerhead
62.3,61.7,28.5,Loggerhead
55.4,56.9,22,Loggerhead
55.4,56.9,22,Loggerhead
65.3,64.5,29.4,Loggerhead
65.3,64.5,29.4,Loggerhead
62.1,64.8,33.6,Loggerhead
62.1,64.8,33.6,Loggerhead
64.6,66.6,33.4,Loggerhead
64.6,66.6,33.4,Loggerhead
67.2,70,39.6,Loggerhead
67.2,70,39.6,Loggerhead
45.5,46,7,Kemps_Ridley
45.5,46,7,Kemps_Ridley
45.5,46,7,Kemps_Ridley
45.5,46,7,Kemps_Ridley
63.5,65.6,29.8,Loggerhead
63.5,65.6,29.8,Loggerhead
66.5,68.7,35.4,Loggerhead
66.5,68.7,35.4,Loggerhead
61.1,61.4,24.8,Loggerhead
61.1,61.4,24.8,Loggerhead
64.8,66,39.8,Loggerhead
64.8,66,39.8,Loggerhead
60.3,62.7,31,Loggerhead
60.3,62.7,31,Loggerhead
60.3,62.7,31,Loggerhead
60.3,62.7,31,Loggerhead
62.8,62.9,31.8,Loggerhead
62.8,62.9,31.8,Loggerhead
63.6,67.2,32.6,Loggerhead
63.6,67.2,32.6,Loggerhead
63.5,64.8,29.6,Loggerhead
63.5,64.8,29.6,Loggerhead
51.6,57.3,21.4,Loggerhead
51.6,57.3,21.4,Loggerhead
63.5,61.3,28.4,Kemps_Ridley
63.5,61.3,28.4,Kemps_Ridley
63.5,61.3,28.4,Kemps_Ridley
30.5,35.2,5,Green
30.5,35.2,5,Green
30.5,35.2,5,Green
30.5,35.2,5,Green
30.5,35.2,5,Green
30.5,35.2,5,Green
30.5,35.2,5,Green
30.5,35.2,5,Green
68.5,73.7,46.4,Loggerhead
68.5,73.7,46.4,Loggerhead
56.2,57.2,24,Loggerhead
56.2,57.2,24,Loggerhead
59.2,62,31,Loggerhead
59.2,62,31,Loggerhead
71.9,69,46.3,Loggerhead
71.9,69,46.3,Loggerhead
30.3,35.1,4.4,Green
43.7,42.4,4.2,Kemps_Ridley
43.7,42.4,4.2,Kemps_Ridley
56.6,60.1,25.4,Loggerhead
56.6,60.1,25.4,Loggerhead
61,60.3,28,Loggerhead
61,60.3,28,Loggerhead
61,60.3,28,Loggerhead
61,60.3,28,Loggerhead
33,38.8,7.2,Green
33,38.8,7.2,Green
40.5,40.4,8.6,Kemps_Ridley
40.5,40.4,8.6,Kemps_Ridley
48,48.1,13.4,Kemps_Ridley
48,48.1,13.4,Kemps_Ridley
36,35.2,5.7,Kemps_Ridley
36,35.2,5.7,Kemps_Ridley
54.5,54.1,19.3,Kemps_Ridley
54.5,54.1,19.3,Kemps_Ridley
67.8,68.2,37.4,Loggerhead
67.8,68.2,37.4,Loggerhead
60.9,62.7,26.4,Loggerhead
60.9,62.7,26.4,Loggerhead
50.3,51.8,17.4,Loggerhead
50.3,51.8,17.4,Loggerhead
57.7,59.9,25.6,Loggerhead
57.7,59.9,25.6,Loggerhead
39.2,39.6,6.8,Kemps_Ridley
39.2,39.6,6.8,Kemps_Ridley
45.5,45.2,10.8,Kemps_Ridley
42.1,41.6,3.5,Kemps_Ridley
42.1,41.6,3.5,Kemps_Ridley
53.1,50.6,16,Kemps_Ridley
53.1,50.6,16,Kemps_Ridley
70.5,73.4,51.4,Loggerhead
70.5,73.4,51.4,Loggerhead
70.5,75.3,49.2,Loggerhead
70.5,75.3,49.2,Loggerhead
70.5,75.3,49.2,Loggerhead
70.5,75.3,49.2,Loggerhead
55.5,56.7,20,Loggerhead
55.5,56.7,20,Loggerhead
63.1,65.7,33,Loggerhead
63.1,65.7,33,Loggerhead
59.8,63.9,28.4,Loggerhead
59.8,63.9,28.4,Loggerhead
60,62.8,26.2,Loggerhead
60,62.8,26.2,Loggerhead
63.7,64.3,32.4,Loggerhead
63.7,64.3,32.4,Loggerhead
63.7,64.3,32.4,Loggerhead
63.7,64.3,32.4,Loggerhead
64,65.4,34.8,Loggerhead
64,65.4,34.8,Loggerhead
63.1,63.2,30.4,Loggerhead
63.1,63.2,30.4,Loggerhead
61.4,60.7,27,Loggerhead
61.4,60.7,27,Loggerhead
62.3,65.5,34.4,Loggerhead
62.3,65.5,34.4,Loggerhead
79.8,82.2,67.2,Loggerhead
79.8,82.2,67.2,Loggerhead
79.8,82.2,67.2,Loggerhead
79.8,82.2,67.2,Loggerhead
79.8,82.2,67.2,Loggerhead
79.8,82.2,67.2,Loggerhead
79.8,82.2,67.2,Loggerhead
79.8,82.2,67.2,Loggerhead
63,65.8,34,Loggerhead
63,65.8,34,Loggerhead
62,61,19.9,Loggerhead
62,61,19.9,Loggerhead
62,61,19.9,Loggerhead
62,61,19.9,Loggerhead
66.2,65.6,34.2,Loggerhead
66.2,65.6,34.2,Loggerhead
64.9,63.7,31,Loggerhead
64.9,63.7,31,Loggerhead
63.8,65.3,29.8,Loggerhead
63.8,65.3,29.8,Loggerhead
53.9,56.4,19.6,Loggerhead
53.9,56.4,19.6,Loggerhead
62.4,64.5,33.8,Loggerhead
62.4,64.5,33.8,Loggerhead
72.3,76.6,48.6,Loggerhead
72.3,76.6,48.6,Loggerhead
72.3,76.6,48.6,Loggerhead
72.3,76.6,48.6,Loggerhead
63.2,64.8,31.4,Loggerhead
63.2,64.8,31.4,Loggerhead
69.5,71.8,48.8,Loggerhead
69.5,71.8,48.8,Loggerhead
69.5,71.8,48.8,Loggerhead
69.5,71.8,48.8,Loggerhead
62.4,62.1,29.8,Loggerhead
62.4,62.1,29.8,Loggerhead
66.7,67.3,31.8,Loggerhead
66.7,67.3,31.8,Loggerhead
58.8,61,26.2,Loggerhead
58.8,61,26.2,Loggerhead
64.3,67.8,36,Loggerhead
64.3,67.8,36,Loggerhead
66.9,65,27.6,Loggerhead
66.9,65,27.6,Loggerhead
64.6,68,42.2,Loggerhead
64.6,68,42.2,Loggerhead
64.6,68,42.2,Loggerhead
64.6,68,42.2,Loggerhead
0,0,45,Loggerhead
0,0,45,Loggerhead
0,0,45,Loggerhead
0,0,45,Loggerhead
64.7,70.1,46.4,Loggerhead
64.7,70.1,46.4,Loggerhead
64.7,70.1,46.4,Loggerhead
64.7,70.1,46.4,Loggerhead
57.5,56,24.2,Loggerhead
57.5,56,24.2,Loggerhead
55.2,59.3,28.6,Loggerhead
55.2,59.3,28.6,Loggerhead
66,67.1,34.8,Loggerhead
66,67.1,34.8,Loggerhead
61.8,62.2,28,Loggerhead
61.8,62.2,28,Loggerhead
59.7,62.9,30.2,Loggerhead
59.7,62.9,30.2,Loggerhead
65.3,67.7,39.6,Loggerhead
65.3,67.7,39.6,Loggerhead
64.4,67.9,41.2,Loggerhead
64.4,67.9,41.2,Loggerhead
0,0,46,Loggerhead
0,0,46,Loggerhead
0,0,46,Loggerhead
0,0,46,Loggerhead
76.2,75.1,46.6,Loggerhead
76.2,75.1,46.6,Loggerhead
57,59.6,26.4,Loggerhead
57,59.6,26.4,Loggerhead
59.1,60.5,26.4,Loggerhead
59.1,60.5,26.4,Loggerhead
59.1,60.5,26.4,Loggerhead
59.1,60.5,26.4,Loggerhead
75.7,80.5,65.6,Loggerhead
75.7,80.5,65.6,Loggerhead
78.3,83,58.2,Loggerhead
78.3,83,58.2,Loggerhead
65.5,63.2,33.8,Loggerhead
65.5,63.2,33.8,Loggerhead
63.9,67.3,35.4,Loggerhead
63.9,67.3,35.4,Loggerhead
64,68.7,37.8,Loggerhead
64,68.7,37.8,Loggerhead
62.5,63.6,35.1,Loggerhead
62.5,63.6,35.1,Loggerhead
61.8,64.6,33.2,Loggerhead
61.8,64.6,33.2,Loggerhead
61.8,64.6,33.2,Loggerhead
61.8,64.6,33.2,Loggerhead
0,0,32,Loggerhead
0,0,32,Loggerhead
0,0,32,Loggerhead
0,0,32,Loggerhead
30.6,30.3,3,Kemps_Ridley
42.8,41.7,9,Kemps_Ridley
73.7,75.3,46.4,Loggerhead
73.7,75.3,46.4,Loggerhead
73.7,75.3,46.4,Loggerhead
73.7,75.3,46.4,Loggerhead
63,63.8,35,Loggerhead
63,63.8,35,Loggerhead
65.8,69.1,41.2,Loggerhead
65.8,69.1,41.2,Loggerhead
24.7,25.3,2,Kemps_Ridley
24.7,25.3,2,Kemps_Ridley
64.8,70,37,Loggerhead
64.8,70,37,Loggerhead
47.3,50.2,19,Kemps_Ridley
47.3,50.2,19,Kemps_Ridley
60.4,61.4,27.8,Loggerhead
60.4,61.4,27.8,Loggerhead
73.2,71,45.6,Loggerhead
73.2,71,45.6,Loggerhead
73.2,71,45.6,Loggerhead
73.2,71,45.6,Loggerhead
66.7,66.2,36.4,Loggerhead
66.7,66.2,36.4,Loggerhead
37.6,41,8,Green
37.6,41,8,Green
84.2,90.9,82.4,Loggerhead
84.2,90.9,82.4,Loggerhead
60.7,61.1,27.2,Loggerhead
60.7,61.1,27.2,Loggerhead
60.7,61.1,27.2,Loggerhead
60.7,61.1,27.2,Loggerhead
60.7,61.1,27.2,Loggerhead
60.7,61.1,27.2,Loggerhead
60.7,61.1,27.2,Loggerhead
60.7,61.1,27.2,Loggerhead
34.7,40.8,7,Green
73.1,78.5,52.4,Loggerhead
73.1,78.5,52.4,Loggerhead
73.1,78.5,52.4,Loggerhead
73.1,78.5,52.4,Loggerhead
73,79.5,53.4,Loggerhead
73,79.5,53.4,Loggerhead
73,79.5,53.4,Loggerhead
73,79.5,53.4,Loggerhead
73,79.5,53.4,Loggerhead
73,79.5,53.4,Loggerhead
73,79.5,53.4,Loggerhead
73,79.5,53.4,Loggerhead
66.5,67.7,33.4,Loggerhead
66.5,67.7,33.4,Loggerhead
66.5,67.7,33.4,Loggerhead
66.5,67.7,33.4,Loggerhead
66.5,67.7,33.4,Loggerhead
66.5,67.7,33.4,Loggerhead
66.5,67.7,33.4,Loggerhead
66.5,67.7,33.4,Loggerhead
45.5,43.1,10,Kemps_Ridley
45.5,43.1,10,Kemps_Ridley
80.5,73.6,67.5,Loggerhead
80.5,73.6,67.5,Loggerhead
65.1,67.6,40.4,Loggerhead
65.1,67.6,40.4,Loggerhead
64.9,69.2,36.5,Loggerhead
64.9,69.2,36.5,Loggerhead
59.2,60,28.5,Loggerhead
59.2,60,28.5,Loggerhead
45.6,53.5,18.7,Loggerhead
45.6,53.5,18.7,Loggerhead
45.6,53.5,18.7,Loggerhead
47,55.1,18,Loggerhead
47,55.1,18,Loggerhead
47,55.1,18,Loggerhead
47,55.1,18,Loggerhead
47,55.1,18,Loggerhead
47,55.1,18,Loggerhead
47,55.1,18,Loggerhead
47,55.1,18,Loggerhead
70,72,46.2,Loggerhead
70,72,46.2,Loggerhead
62.2,0,31,Loggerhead
62.2,0,31,Loggerhead
62.2,0,31,Loggerhead
62.2,0,31,Loggerhead
60.4,60.8,32.5,Loggerhead
60.4,60.8,32.5,Loggerhead
61.6,62.4,30.2,Loggerhead
61.6,62.4,30.2,Loggerhead
61.6,62.4,30.2,Loggerhead
61.6,62.4,30.2,Loggerhead
61.6,62.4,30.2,Loggerhead
61.6,62.4,30.2,Loggerhead
61.6,62.4,30.2,Loggerhead
61.6,62.4,30.2,Loggerhead
59.5,64,29.6,Loggerhead
59.5,64,29.6,Loggerhead
59.5,64,29.6,Loggerhead
59.5,64,29.6,Loggerhead
68.3,70.5,49.2,Loggerhead
68.3,70.5,49.2,Loggerhead
27.6,28,3,Kemps_Ridley
27.6,28,3,Kemps_Ridley
71,74.2,51,Loggerhead
71,74.2,51,Loggerhead
42.3,39,7,Kemps_Ridley
42.3,39,7,Kemps_Ridley
64.8,66.8,38,Loggerhead
64.8,66.8,38,Loggerhead
57.1,56.5,21.4,Loggerhead
57.1,56.5,21.4,Loggerhead
41,38.2,7,Kemps_Ridley
41,38.2,7,Kemps_Ridley
0,0,55.3,Loggerhead
0,0,55.3,Loggerhead
0,0,55.3,Loggerhead
0,0,55.3,Loggerhead
70.4,69.7,47.5,Loggerhead
70.4,69.7,47.5,Loggerhead
64.9,66.2,37.2,Loggerhead
64.9,66.2,37.2,Loggerhead
69.3,73.2,46.7,Loggerhead
69.3,73.2,46.7,Loggerhead
69.3,73.2,46.7,Loggerhead
69.3,73.2,46.7,Loggerhead
78.2,78,68.5,Loggerhead
78.2,78,68.5,Loggerhead
78.2,78,68.5,Loggerhead
78.2,78,68.5,Loggerhead
66.3,68.1,38,Loggerhead
66.3,68.1,38,Loggerhead
66.3,68.1,38,Loggerhead
66.3,68.1,38,Loggerhead
74,76.2,50.2,Loggerhead
74,76.2,50.2,Loggerhead
74,76.2,50.2,Loggerhead
74,76.2,50.2,Loggerhead
71.6,71.9,50.3,Loggerhead
71.6,71.9,50.3,Loggerhead
75,77.3,56.7,Loggerhead
75,77.3,56.7,Loggerhead
75,77.3,56.7,Loggerhead
75,77.3,56.7,Loggerhead
39.6,37.5,7.22,Kemps_Ridley
39.6,37.5,7.22,Kemps_Ridley
65.9,67.7,38.2,Loggerhead
65.9,67.7,38.2,Loggerhead
60.8,64.5,31.6,Loggerhead
60.8,64.5,31.6,Loggerhead
60.8,64.5,31.6,Loggerhead
60.8,64.5,31.6,Loggerhead
70.1,73.6,46.2,Loggerhead
70.1,73.6,46.2,Loggerhead
70.1,73.6,46.2,Loggerhead
70.1,73.6,46.2,Loggerhead
31.4,30.4,3.6,Kemps_Ridley
31.4,30.4,3.6,Kemps_Ridley
48.9,48.4,13.6,Kemps_Ridley
48.9,48.4,13.6,Kemps_Ridley
70,72.5,43.8,Loggerhead
70,72.5,43.8,Loggerhead
60.1,61.8,29.4,Loggerhead
60.1,61.8,29.4,Loggerhead
65.4,68.5,34.2,Loggerhead
65.4,68.5,34.2,Loggerhead
65.5,67,36.8,Loggerhead
65.5,67,36.8,Loggerhead
67.3,67.7,36.5,Loggerhead
67.3,67.7,36.5,Loggerhead
67.3,67.7,36.5,Loggerhead
67.3,67.7,36.5,Loggerhead
64.9,67.6,36.3,Loggerhead
64.9,67.6,36.3,Loggerhead
54.5,53.5,20.8,Loggerhead
54.5,53.5,20.8,Loggerhead
69,67.9,37.8,Loggerhead
69,67.9,37.8,Loggerhead
67.3,68.6,38.8,Loggerhead
67.3,68.6,38.8,Loggerhead
67.3,68.6,38.8,Loggerhead
67.3,68.6,38.8,Loggerhead
0,0,6.5,Green
0,0,6.5,Green
0,0,6.5,Green
0,0,6.5,Green
64,68,35.6,Loggerhead
64,68,35.6,Loggerhead
64.2,63.9,30.4,Loggerhead
64.2,63.9,30.4,Loggerhead
63.3,65,31.2,Loggerhead
63.3,65,31.2,Loggerhead
66.2,69.5,38.2,Loggerhead
66.2,69.5,38.2,Loggerhead
58.9,57.8,25.2,Loggerhead
58.9,57.8,25.2,Loggerhead
55.6,60.2,25.8,Loggerhead
55.6,60.2,25.8,Loggerhead
53.7,57.5,20.8,Loggerhead
53.7,57.5,20.8,Loggerhead
73.6,72.3,49,Loggerhead
73.6,72.3,49,Loggerhead
0,0,70.1,Loggerhead
0,0,70.1,Loggerhead
0,0,70.1,Loggerhead
0,0,70.1,Loggerhead
66.1,65.4,35.8,Loggerhead
66.1,65.4,35.8,Loggerhead
84.2,83.4,85,Loggerhead
84.2,83.4,85,Loggerhead
58.4,61.5,30.2,Loggerhead
58.4,61.5,30.2,Loggerhead
58.4,62.8,32.5,Loggerhead
58.4,62.8,32.5,Loggerhead
58.4,62.8,32.5,Loggerhead
58.4,62.8,32.5,Loggerhead
65.2,64,32.3,Loggerhead
65.2,64,32.3,Loggerhead
61.2,66.7,33.8,Loggerhead
61.2,66.7,33.8,Loggerhead
64.1,68.2,38.2,Loggerhead
64.1,68.2,38.2,Loggerhead
57.5,60,25.6,Loggerhead
57.5,60,25.6,Loggerhead
72.9,73,48,Loggerhead
72.9,73,48,Loggerhead
63.5,64.8,34,Loggerhead
63.5,64.8,34,Loggerhead
65.3,66.4,34.8,Loggerhead
65.3,66.4,34.8,Loggerhead
65.3,66.4,34.8,Loggerhead
65.3,66.4,34.8,Loggerhead
64.7,65.8,34,Loggerhead
64.7,65.8,34,Loggerhead
64.7,65.8,34,Loggerhead
64.7,65.8,34,Loggerhead
57.2,58.7,27.6,Loggerhead
57.2,58.7,27.6,Loggerhead
56.8,58.3,30.4,Loggerhead
56.8,58.3,30.4,Loggerhead
56.8,58.3,30.4,Loggerhead
56.8,58.3,30.4,Loggerhead
52.6,56.4,20,Loggerhead
52.6,56.4,20,Loggerhead
67.9,71.2,41,Loggerhead
67.9,71.2,41,Loggerhead
29,28,3,Kemps_Ridley
29,28,3,Kemps_Ridley
29,28,3,Kemps_Ridley
29,28,3,Kemps_Ridley
62.6,65.3,33,Loggerhead
62.6,65.3,33,Loggerhead
62.6,65.3,33,Loggerhead
62.6,65.3,33,Loggerhead
62.6,65.3,33,Loggerhead
62.6,65.3,33,Loggerhead
62.6,65.3,33,Loggerhead
62.6,65.3,33,Loggerhead
61.8,64.9,31.5,Loggerhead
61.8,64.9,31.5,Loggerhead
61.8,64.9,31.5,Loggerhead
61.8,64.9,31.5,Loggerhead
61.5,60.4,27.6,Loggerhead
61.5,60.4,27.6,Loggerhead
61.5,60.4,27.6,Loggerhead
61.5,60.4,27.6,Loggerhead
66.4,67.1,36.6,Loggerhead
66.4,67.1,36.6,Loggerhead
52.1,55.4,20.7,Loggerhead
52.1,55.4,20.7,Loggerhead
60,0,26.4,Loggerhead
60,0,26.4,Loggerhead
63.8,65.7,34.2,Loggerhead
63.8,65.7,34.2,Loggerhead
63.8,65.7,34.2,Loggerhead
63.8,65.7,34.2,Loggerhead
65.8,68.7,37,Loggerhead
65.8,68.7,37,Loggerhead
65.8,68.7,37,Loggerhead
65.8,68.7,37,Loggerhead
0,0,43.6,Loggerhead
0,0,43.6,Loggerhead
0,0,43.6,Loggerhead
0,0,43.6,Loggerhead
0,0,43.6,Loggerhead
0,0,43.6,Loggerhead
76.7,79.4,58.6,Loggerhead
76.7,79.4,58.6,Loggerhead
75.3,73.9,54.8,Loggerhead
75.3,73.9,54.8,Loggerhead
82.2,81.4,59.4,Loggerhead
82.2,81.4,59.4,Loggerhead
64.4,66.8,33,Loggerhead
64.4,66.8,33,Loggerhead
76.6,81.4,66,Loggerhead
76.6,81.4,66,Loggerhead
63.7,70.7,41.8,Loggerhead
63.7,70.7,41.8,Loggerhead
55.1,57.5,25.5,Loggerhead
55.1,57.5,25.5,Loggerhead
73.3,77.8,56.3,Loggerhead
73.3,77.8,56.3,Loggerhead
62.4,64.6,31.5,Loggerhead
62.4,64.6,31.5,Loggerhead
62.4,64.6,31.5,Loggerhead
62.4,64.6,31.5,Loggerhead
34.9,35.2,5,Kemps_Ridley
34.9,35.2,5,Kemps_Ridley
76.9,79.5,53.6,Loggerhead
76.9,79.5,53.6,Loggerhead
33.7,36.9,6.2,Green
57,58,23.2,Loggerhead
57,58,23.2,Loggerhead
57,58,23.2,Loggerhead
57,58,23.2,Loggerhead
57,58,23.2,Loggerhead
57,58,23.2,Loggerhead
67.1,73.2,43.2,Loggerhead
67.1,73.2,43.2,Loggerhead
61.3,62.8,29.4,Loggerhead
61.3,62.8,29.4,Loggerhead
66,66.2,34,Loggerhead
66,66.2,34,Loggerhead
64.7,66.9,33,Loggerhead
64.7,66.9,33,Loggerhead
67,66.7,38,Loggerhead
67,66.7,38,Loggerhead
64.8,66.1,36.5,Loggerhead
64.8,66.1,36.5,Loggerhead
63,66.7,36,Loggerhead
63,66.7,36,Loggerhead
69,73,43.5,Loggerhead
69,73,43.5,Loggerhead
62,64.8,33.5,Loggerhead
62,64.8,33.5,Loggerhead
26.2,30,3,Green
26.2,30,3,Green
27.6,30.4,3.6,Green
27.6,30.4,3.6,Green
28.1,33.7,4,Green
28.1,33.7,4,Green
63.2,64.5,34,Loggerhead
63.2,64.5,34,Loggerhead
25.7,29.7,3,Green
25.7,29.7,3,Green
63.8,68,40.2,Loggerhead
63.8,68,40.2,Loggerhead
72.8,75.7,51.4,Loggerhead
72.8,75.7,51.4,Loggerhead
61.4,63.5,30.4,Loggerhead
61.4,63.5,30.4,Loggerhead
68.2,74,38.6,Loggerhead
68.2,74,38.6,Loggerhead
73.8,77,51,Loggerhead
73.8,77,51,Loggerhead
52.5,62.4,31,Loggerhead
52.5,62.4,31,Loggerhead
59.4,60.4,25,Loggerhead
59.4,60.4,25,Loggerhead
0,52.8,28,Loggerhead
0,52.8,28,Loggerhead
0,52.8,28,Loggerhead
0,52.8,28,Loggerhead
58,59.6,24,Loggerhead
58,59.6,24,Loggerhead
70.8,69.4,41.5,Loggerhead
70.8,69.4,41.5,Loggerhead
58.1,61.3,23.5,Loggerhead
58.1,61.3,23.5,Loggerhead
64,64.5,32.5,Loggerhead
64,64.5,32.5,Loggerhead
68.4,71.5,40.5,Loggerhead
68.4,71.5,40.5,Loggerhead
0,0,58.4,Loggerhead
0,0,58.4,Loggerhead
0,0,58.4,Loggerhead
0,0,58.4,Loggerhead
61.7,65.9,33.5,Loggerhead
61.7,65.9,33.5,Loggerhead
60.5,64.7,32,Loggerhead
60.5,64.7,32,Loggerhead
60.6,63,26.5,Loggerhead
60.6,63,26.5,Loggerhead
69.6,70.3,43.2,Loggerhead
69.6,70.3,43.2,Loggerhead
69.6,70.3,43.2,Loggerhead
69.6,70.3,43.2,Loggerhead
67.4,72.2,44,Loggerhead
67.4,72.2,44,Loggerhead
68.5,73.8,38.5,Loggerhead
68.5,73.8,38.5,Loggerhead
61.4,61.3,31,Loggerhead
61.4,61.3,31,Loggerhead
62.2,64.5,40,Loggerhead
62.2,64.5,40,Loggerhead
69.7,70,33.5,Loggerhead
69.7,70,33.5,Loggerhead
66.1,68.2,37.3,Loggerhead
66.1,68.2,37.3,Loggerhead
66.1,68.2,37.3,Loggerhead
66.1,68.2,37.3,Loggerhead
67.1,67.9,34.5,Loggerhead
67.1,67.9,34.5,Loggerhead
67.1,67.9,34.5,Loggerhead
67.1,67.9,34.5,Loggerhead
65.8,65.1,38.5,Loggerhead
65.8,65.1,38.5,Loggerhead
70.7,74.3,41.8,Loggerhead
70.7,74.3,41.8,Loggerhead
58.4,60.9,28.6,Loggerhead
58.4,60.9,28.6,Loggerhead
65.9,66.6,37.5,Loggerhead
65.9,66.6,37.5,Loggerhead
71.6,73.6,54.5,Loggerhead
71.6,73.6,54.5,Loggerhead
79.1,84.7,62.6,Loggerhead
79.1,84.7,62.6,Loggerhead
72.7,63.5,38.6,Loggerhead
72.7,63.5,38.6,Loggerhead
58.4,57.5,22,Loggerhead
58.4,57.5,22,Loggerhead
28.5,27.6,2.5,Kemps_Ridley
28.5,27.6,2.5,Kemps_Ridley
72,73.9,51.2,Loggerhead
70.3,74.2,49.4,Loggerhead
70.3,74.2,49.4,Loggerhead
58.1,57.2,20.1,Loggerhead
58.1,57.2,20.1,Loggerhead
58.7,58.6,30,Loggerhead
58.7,58.6,30,Loggerhead
60.6,64.7,32.5,Loggerhead
60.6,64.7,32.5,Loggerhead
24.6,23.5,2,Kemps_Ridley
24.6,23.5,2,Kemps_Ridley
64.3,66,39.5,Loggerhead
64.3,66,39.5,Loggerhead
25,28.5,1.5,Green
25,28.5,1.5,Green
56.5,60.7,25,Loggerhead
56.5,60.7,25,Loggerhead
55.7,56.8,24,Loggerhead
55.7,56.8,24,Loggerhead
54.6,56.3,22.8,Loggerhead
54.6,56.3,22.8,Loggerhead
62.2,61.2,31.4,Loggerhead
62.2,61.2,31.4,Loggerhead
71,74.5,48,Loggerhead
71,74.5,48,Loggerhead
32.7,38.4,6.4,Green
32.7,38.4,6.4,Green
67.6,72.7,45.4,Loggerhead
67.6,72.7,45.4,Loggerhead
66.6,68.5,39.4,Loggerhead
66.6,68.5,39.4,Loggerhead
78.2,77.8,52.4,Loggerhead
78.2,77.8,52.4,Loggerhead
79.4,81,73.4,Loggerhead
79.4,81,73.4,Loggerhead
65.7,67.1,34.8,Loggerhead
65.7,67.1,34.8,Loggerhead
75.7,79.5,48.8,Loggerhead
75.7,79.5,48.8,Loggerhead
32,31.3,2.5,Kemps_Ridley
32,31.3,2.5,Kemps_Ridley
25.1,28.7,1.5,Green
25.1,28.7,1.5,Green
80,85.6,82,Loggerhead
80,85.6,82,Loggerhead
29.8,32.7,3.9,Green
29.8,32.7,3.9,Green
29.8,32.7,3.9,Green
66,65.9,32.6,Loggerhead
66,65.9,32.6,Loggerhead
51.3,55,19.3,Loggerhead
51.3,55,19.3,Loggerhead
45,50,16.8,Loggerhead
45,50,16.8,Loggerhead
85.1,86.4,55.2,Loggerhead
85.1,86.4,55.2,Loggerhead
64.8,67.1,33.2,Loggerhead
64.8,67.1,33.2,Loggerhead
64.8,67.1,33.2,Loggerhead
64.8,67.1,33.2,Loggerhead
64.8,67.1,33.2,Loggerhead
64.8,67.1,33.2,Loggerhead
64.8,67.1,33.2,Loggerhead
64.8,67.1,33.2,Loggerhead
26.3,30.5,1.5,Green
26.3,30.5,1.5,Green
24.3,27.8,2,Green
24.3,27.8,2,Green
24.9,28.5,1.5,Green
24.9,28.5,1.5,Green
34.1,32.5,3,Kemps_Ridley
34.1,32.5,3,Kemps_Ridley
60.7,60.5,26.8,Loggerhead
60.7,60.5,26.8,Loggerhead
73.9,77.8,54,Loggerhead
73.9,77.8,54,Loggerhead
24.4,30,2,Green
24.4,30,2,Green
27.6,30.6,2,Green
27.6,30.6,2,Green
48,46.8,31.8,Kemps_Ridley
67.9,76,59.2,Loggerhead
67.9,76,59.2,Loggerhead
25.6,28.3,2,Green
25.6,28.3,2,Green
24.9,29.3,2.8,Green
24.9,29.3,2.8,Green
26.5,28.5,1.5,Green
26.5,28.5,1.5,Green
68.5,68.3,39,Loggerhead
68.5,68.3,39,Loggerhead
67.5,68.6,40.6,Loggerhead
67.5,68.6,40.6,Loggerhead
73.2,77,28.9,Loggerhead
73.2,77,28.9,Loggerhead
73.2,77,28.9,Loggerhead
73.2,77,28.9,Loggerhead
73.2,77,28.9,Loggerhead
73.2,77,28.9,Loggerhead
73.2,77,28.9,Loggerhead
73.2,77,28.9,Loggerhead
25.9,28.8,2.9,Green
25.9,28.8,2.9,Green
68.8,70.9,43.6,Loggerhead
68.8,70.9,43.6,Loggerhead
71.8,74.2,45.6,Loggerhead
71.8,74.2,45.6,Loggerhead
63.4,65.4,35.6,Loggerhead
63.4,65.4,35.6,Loggerhead
77.7,79.9,66.8,Loggerhead
77.7,79.9,66.8,Loggerhead
65.6,66.5,35,Loggerhead
65.6,66.5,35,Loggerhead
67.8,70.5,40,Loggerhead
67.8,70.5,40,Loggerhead
25.1,28.3,2.7,Green
66.2,65.2,37.4,Loggerhead
66.2,65.2,37.4,Loggerhead
23.5,28.2,2.2,Green
23.5,28.2,2.2,Green
64.3,70.3,40,Loggerhead
64.3,70.3,40,Loggerhead
60.7,61,6,Loggerhead
60.7,61,6,Loggerhead
62,62.7,30.5,Loggerhead
62,62.7,30.5,Loggerhead
54.3,58.5,24.5,Loggerhead
54.3,58.5,24.5,Loggerhead
47.2,48.5,14.4,Loggerhead
47.2,48.5,14.4,Loggerhead
71.6,70.7,45.6,Loggerhead
71.6,70.7,45.6,Loggerhead
70.3,69.5,38,Loggerhead
70.3,69.5,38,Loggerhead
62.5,65,34,Loggerhead
62.5,65,34,Loggerhead
26.9,29.8,3.1,Green
26.9,29.8,3.1,Green
66.1,63.5,34.5,Loggerhead
66.1,63.5,34.5,Loggerhead
74.5,76.8,55,Loggerhead
74.5,76.8,55,Loggerhead
72.5,74,52,Loggerhead
72.5,74,52,Loggerhead
57.6,60.3,22.8,Loggerhead
57.6,60.3,22.8,Loggerhead
78,83,62.2,Loggerhead
78,83,62.2,Loggerhead
58.6,55.4,24.8,Loggerhead
58.6,55.4,24.8,Loggerhead
71,72,49.6,Loggerhead
71,72,49.6,Loggerhead
0,0,7,Green
0,0,7,Green
96,108.7,137,Loggerhead
96,108.7,137,Loggerhead
68.9,69.8,37.3,Loggerhead
68.9,69.8,37.3,Loggerhead
0,0,25.8,Loggerhead
0,0,25.8,Loggerhead
0,0,25.8,Loggerhead
0,0,25.8,Loggerhead
63.9,68.7,37,Loggerhead
63.9,68.7,37,Loggerhead
29.8,32.9,4,Green
29.8,32.9,4,Green
25.2,28.6,2.6,Green
25.2,28.6,2.6,Green
26.4,29.3,3.2,Green
26.4,29.3,3.2,Green
69.8,68.3,40.6,Loggerhead
69.8,68.3,40.6,Loggerhead
71.2,79,43.6,Loggerhead
76.2,77,57,Loggerhead
76.2,77,57,Loggerhead
43.6,41.7,8.6,Kemps_Ridley
43.6,41.7,8.6,Kemps_Ridley
24.4,24.2,1.8,Kemps_Ridley
24.4,24.2,1.8,Kemps_Ridley
47.4,45.9,12,Kemps_Ridley
47.4,45.9,12,Kemps_Ridley
65.1,61.2,36.6,Loggerhead
65.1,61.2,36.6,Loggerhead
60.9,62.2,30.8,Loggerhead
60.9,62.2,30.8,Loggerhead
58.2,59.7,28.4,Loggerhead
58.2,59.7,28.4,Loggerhead
58.2,59.7,28.4,Loggerhead
58.2,59.7,28.4,Loggerhead
60,60.2,31.5,Loggerhead
60,60.2,31.5,Loggerhead
60,60.2,31.5,Loggerhead
60,60.2,31.5,Loggerhead
59.5,62.9,27.4,Loggerhead
59.5,62.9,27.4,Loggerhead
73.4,76.3,55.4,Loggerhead
73.4,76.3,55.4,Loggerhead
94.3,0,125,Loggerhead
94.3,0,125,Loggerhead
63.4,65.6,31.7,Loggerhead
63.4,65.6,31.7,Loggerhead
61.4,65,26.6,Loggerhead
61.4,65,26.6,Loggerhead
75.5,80.5,62.2,Loggerhead
75.5,80.5,62.2,Loggerhead
54.4,56.6,26.2,Loggerhead
54.4,56.6,26.2,Loggerhead
83.5,88.7,72,Loggerhead
83.5,88.7,72,Loggerhead
64,67.8,31.4,Loggerhead
64,67.8,31.4,Loggerhead
64,67.8,31.4,Loggerhead
64,67.8,31.4,Loggerhead
69.8,73.1,41,Loggerhead
69.8,73.1,41,Loggerhead
64.6,62.2,32.4,Loggerhead
64.6,62.2,32.4,Loggerhead
59.8,58,51.1,Loggerhead
59.8,58,51.1,Loggerhead
60.2,61.9,31.2,Loggerhead
60.2,61.9,31.2,Loggerhead
56.5,58.7,26.4,Loggerhead
56.5,58.7,26.4,Loggerhead
62.6,63.8,36.4,Loggerhead
62.6,63.8,36.4,Loggerhead
26,0,3.2,Green
26,0,3.2,Green
45.2,47.6,13.2,Loggerhead
45.2,47.6,13.2,Loggerhead
39.5,38.3,6.7,Kemps_Ridley
39.5,38.3,6.7,Kemps_Ridley
77.9,81.5,67.8,Loggerhead
77.9,81.5,67.8,Loggerhead
60.5,62.5,23.8,Loggerhead
60.5,62.5,23.8,Loggerhead
70.8,67.2,45,Loggerhead
70.8,67.2,45,Loggerhead
75.9,85.5,74.5,Loggerhead
75.9,85.5,74.5,Loggerhead
60.2,61.6,27.5,Loggerhead
60.2,61.6,27.5,Loggerhead
69.3,69.4,41.2,Loggerhead
69.3,69.4,41.2,Loggerhead
60,63.5,25.8,Loggerhead
60,63.5,25.8,Loggerhead
55.5,53.7,22.7,Loggerhead
55.5,53.7,22.7,Loggerhead
51.7,49.9,20,Kemps_Ridley
51.7,49.9,20,Kemps_Ridley
35.3,35.8,5.6,Kemps_Ridley
35.3,35.8,5.6,Kemps_Ridley
69,70.3,41,Loggerhead
69,70.3,41,Loggerhead
64.5,65.5,31,Loggerhead
64.5,65.5,31,Loggerhead
27.1,25.6,2.2,Kemps_Ridley
27.1,25.6,2.2,Kemps_Ridley
68.3,69.4,37.2,Loggerhead
68.3,69.4,37.2,Loggerhead
52.8,56.7,21.7,Loggerhead
52.8,56.7,21.7,Loggerhead
69.6,74,50.5,Loggerhead
69.6,74,50.5,Loggerhead
63,64.6,34.6,Loggerhead
63,64.6,34.6,Loggerhead
56,56.8,24.6,Loggerhead
56,56.8,24.6,Loggerhead
73.5,76.2,52,Loggerhead
73.5,76.2,52,Loggerhead
64.8,64.7,37,Loggerhead
64.8,64.7,37,Loggerhead
67.8,71.4,49.4,Loggerhead
67.8,71.4,49.4,Loggerhead
66.3,68.3,40.4,Loggerhead
66.3,68.3,40.4,Loggerhead
65.8,67.9,41.5,Loggerhead
65.8,67.9,41.5,Loggerhead
65.8,67.9,41.5,Loggerhead
65.8,67.9,41.5,Loggerhead
28.7,32.2,3.6,Green
28.7,32.2,3.6,Green
67.1,69.2,40.6,Loggerhead
67.1,69.2,40.6,Loggerhead
24.4,28.3,2.7,Green
24.4,28.3,2.7,Green
59.8,61.3,33.2,Loggerhead
59.8,61.3,33.2,Loggerhead
42.3,59.8,24.4,Loggerhead
42.3,59.8,24.4,Loggerhead
28.4,27.1,2.5,Kemps_Ridley
28.4,27.1,2.5,Kemps_Ridley
24.2,27.3,2.6,Green
24.2,27.3,2.6,Green
26.9,30.7,3.5,Green
26.9,30.7,3.5,Green
26.7,26.6,2.3,Kemps_Ridley
26.7,26.6,2.3,Kemps_Ridley
57.8,54.7,20.4,Kemps_Ridley
57.8,54.7,20.4,Kemps_Ridley
33.9,33,4.2,Kemps_Ridley
33.9,33,4.2,Kemps_Ridley
29.8,28.9,3.4,Kemps_Ridley
29.8,28.9,3.4,Kemps_Ridley
31.7,35.7,5.6,Green
31.7,35.7,5.6,Green
24.7,28.4,2.4,Green
24.7,28.4,2.4,Green
28.9,32.7,3.6,Green
28.9,32.7,3.6,Green
25.7,29.6,3.2,Green
25.7,29.6,3.2,Green
50.6,57.4,27.6,Loggerhead
50.6,57.4,27.6,Loggerhead
68.8,74.4,45.4,Loggerhead
68.8,74.4,45.4,Loggerhead
68.8,74.4,45.4,Loggerhead
68.8,74.4,45.4,Loggerhead
25.5,29.4,3.5,Green
25.5,29.4,3.5,Green
27.2,30.9,3.6,Green
27.2,30.9,3.6,Green
31.6,34.3,4.7,Green
31.6,34.3,4.7,Green
64.9,62.8,33.7,Loggerhead
64.9,62.8,33.7,Loggerhead
28.6,31.3,3.7,Green
28.6,31.3,3.7,Green
24.7,30.1,2.9,Green
24.7,30.1,2.9,Green
24.7,29,2.8,Green
24.7,29,2.8,Green
30.8,31.6,3.4,Kemps_Ridley
30.8,31.6,3.4,Kemps_Ridley
33.5,31.2,4,Kemps_Ridley
33.5,31.2,4,Kemps_Ridley
25,28.8,3.2,Green
25,28.8,3.2,Green
28.5,31.3,3.6,Green
28.5,31.3,3.6,Green
30.2,34.2,4.2,Green
30.2,34.2,4.2,Green
23.2,26.5,2.3,Green
23.2,26.5,2.3,Green
0,45.7,12.3,Kemps_Ridley
0,45.7,12.3,Kemps_Ridley
25.8,29.5,2.9,Green
25.8,29.5,2.9,Green
31.1,30.7,3.6,Kemps_Ridley
31.1,30.7,3.6,Kemps_Ridley
24.6,27.9,2.6,Green
24.6,27.9,2.6,Green
26.4,30.2,3,Green
26.4,30.2,3,Green
31.5,35.5,5.5,Green
31.5,35.5,5.5,Green
60.2,58.6,26.2,Loggerhead
60.2,58.6,26.2,Loggerhead
31.7,35.3,5.2,Green
31.7,35.3,5.2,Green
43.7,41.4,6.3,Kemps_Ridley
43.7,41.4,6.3,Kemps_Ridley
30.7,36.4,2.4,Green
30.7,36.4,2.4,Green
36.6,39.1,6.4,Green
36.6,39.1,6.4,Green
34.4,33,4.8,Kemps_Ridley
34.4,33,4.8,Kemps_Ridley
33.6,31.8,3.8,Kemps_Ridley
33.6,31.8,3.8,Kemps_Ridley
60.4,63,36,Loggerhead
60.4,63,36,Loggerhead
65,68.7,18.6,Loggerhead
65,68.7,18.6,Loggerhead
31.1,30.9,3.7,Kemps_Ridley
31.1,30.9,3.7,Kemps_Ridley
26.5,31.9,3,Green
26.5,31.9,3,Green
46.7,44.4,10,Kemps_Ridley
46.7,44.4,10,Kemps_Ridley
42,41.2,8,Kemps_Ridley
42,41.2,8,Kemps_Ridley
32.2,35.3,3.1,Green
32.2,35.3,3.1,Green
40.1,38.9,7,Kemps_Ridley
40.1,38.9,7,Kemps_Ridley
43.9,42.6,7.8,Kemps_Ridley
43.9,42.6,7.8,Kemps_Ridley
30.1,35.4,4.6,Green
30.1,35.4,4.6,Green
34.2,32.2,4.6,Kemps_Ridley
34.2,32.2,4.6,Kemps_Ridley
26.8,30.9,3.5,Green
26.8,30.9,3.5,Green
25.2,30,2.8,Green
25.2,30,2.8,Green
45.4,43.7,9.4,Kemps_Ridley
45.4,43.7,9.4,Kemps_Ridley
45.4,43.7,9.4,Kemps_Ridley
45.4,43.7,9.4,Kemps_Ridley
34.8,39.5,6.6,Green
34.8,39.5,6.6,Green
32.2,31.3,3.8,Kemps_Ridley
32.2,31.3,3.8,Kemps_Ridley
42.4,39.8,8.6,Kemps_Ridley
42.4,39.8,8.6,Kemps_Ridley
47.6,42.9,10,Kemps_Ridley
47.6,42.9,10,Kemps_Ridley
26.8,32,4,Green
26.8,32,4,Green
62.8,64.9,30.4,Loggerhead
62.8,64.9,30.4,Loggerhead
58.6,60.5,28,Loggerhead
58.6,60.5,28,Loggerhead
73.8,73.5,44.4,Loggerhead
73.8,73.5,44.4,Loggerhead
56.1,58.9,22.6,Loggerhead
56.1,58.9,22.6,Loggerhead
